user_id,name,age,location,profession,experience_years,professional_summary,about_me,mbti,interests
U001,Abhinav Joshi,22,Jaipur,Graphic Designer,4,"UX designer with 4 years crafting human-centered digital experiences for legal tech products. Proficient in Figma, user research, and design systems. Believe great design is invisible when done right.","Design is how I make sense of the world. I am deeply empathetic, endlessly curious, and most alive when solving a thorny user problem with an elegant interface. I sketch in cafés, follow UX thought leaders obsessively, and believe accessibility is not optional.",ENFP,"Street Art, Design Systems, UX Research, Theatre, Photography"
U002,Ishaan Chopra,41,Bangalore,Team Lead,9,"Business analyst with 9 years bridging the gap between technical teams and business stakeholders in climate tech. Specializes in requirements gathering, process mapping, and KPI tracking to deliver measurable outcomes.","I genuinely care about the humans behind the metrics. I believe the best ideas come from psychologically safe environments. Outside the office, I am a semi-professional photographer and a die-hard board game enthusiast.",ENFJ,"Networking, Mentoring, Startups"
U003,Gaurav Bhatia,32,Jaipur,Program Manager,3,"Product manager with 3 years driving end-to-end product lifecycle from ideation to launch in the cybersecurity space. Experienced in agile methodologies, stakeholder alignment, and growth-focused roadmap planning.","People energize me. I love orchestrating diverse teams toward a shared vision and seeing everyone grow in the process. Outside work, I volunteer as a startup mentor, enjoy public speaking, and am an avid podcast listener — especially on strategy and behavioral economics.",ENFJ,"Public Speaking, Yoga, Biographies, Mentoring"
U004,Chirag Patel,36,Patna,Data Scientist,2,"Machine learning engineer with 2 years of experience deploying production-grade NLP and computer vision models. Skilled in PyTorch, Scikit-learn, and MLOps practices to bridge the gap between research and real-world deployment.","Methodical by nature, curious by choice. I recharge through solo travel, writing technical blogs, and experimenting with side projects. I value colleagues who communicate clearly and are driven by evidence rather than opinion.",ISTP,"Mathematics, Chess, Machine Learning, Hiking, Competitive Coding"
U005,Hemant Mehta,29,Hyderabad,Cybersecurity Analyst,7,"Machine learning engineer with 7 years of experience deploying production-grade NLP and computer vision models. Skilled in PyTorch, Scikit-learn, and MLOps practices to bridge the gap between research and real-world deployment.","A lifelong learner who finds satisfaction in breaking down complex systems. I spend weekends tinkering with Raspberry Pi projects, reading about cognitive science, and hiking. I believe in honest feedback, quiet leadership, and compounding improvement.",ISTJ,"Hiking, Mathematics, Reading, Data Visualization"
U006,Girish Kumar,41,Pune,Graphic Designer,9,"Digital marketing specialist with 9 years running data-driven campaigns across paid, organic, and social channels in the media & entertainment space. Skilled in Google Analytics, A/B testing, and conversion rate optimization.","Story-driven and systems-minded. I love when brand narratives align perfectly with user needs. Off-screen, I write flash fiction, take improvisation theatre classes, and run a small book club. I believe great work is born from genuine curiosity and real collaboration.",ENFP,"UX Research, Writing, Gaming, Street Art, Design Systems"
U007,Ishaan Patel,32,Kochi,Operations Manager,5,"Engineering manager with 5 years leading cross-functional teams of 10–20 engineers. Champion of psychological safety, iterative delivery, and engineering excellence within gaming organizations.","I am at my best when rallying a team through ambiguity. I enjoy the challenge of turning fuzzy problems into clear roadmaps. On weekends, I coach a youth cricket team and read biographies of business leaders. I value transparency, ownership, and bias for action.",ENTJ,"Networking, Traveling, Strategy Games, Public Speaking, Podcasting"
U008,Shruti Chandra,39,Patna,Frontend Developer,5,"Content strategist with 5 years developing brand narratives and editorial strategies for real estate companies. Expert in SEO, audience segmentation, and translating technical concepts into compelling stories.","I create because I must. Whether it is a pixel-perfect component, a well-crafted tweet, or a short story, I care deeply about form and function. I am collaborative, feedback-hungry, and find inspiration in travel, cinema, and street photography.",ISFP,"UX Research, Theatre, Photography"
U009,Vikram Joshi,26,Pune,Frontend Developer,11,"Digital marketing specialist with 11 years running data-driven campaigns across paid, organic, and social channels in the fintech space. Skilled in Google Analytics, A/B testing, and conversion rate optimization.","I build beautiful things that also work beautifully. Code is my paintbrush. When I'm not pushing pixels or writing components, I'm playing indie games, attending design conferences, or sketching wireframes on paper napkins at coffee shops.",ISFP,"Theatre, UX Research, Music, Animation, Design Systems"
U010,Girish Joshi,43,Patna,Project Manager,5,Operations manager with 5 years streamlining supply chain and process workflows in logistics. Data-driven decision-maker with expertise in lean management and cost reduction without sacrificing quality.,"I am at my best when rallying a team through ambiguity. I enjoy the challenge of turning fuzzy problems into clear roadmaps. On weekends, I coach a youth cricket team and read biographies of business leaders. I value transparency, ownership, and bias for action.",ESTJ,"Startups, Mentoring, Podcasting, Biographies"
U011,Ananya Banerjee,42,Vadodara,Engineering Manager,10,"Strategy consultant with 10 years advising cybersecurity clients on digital transformation, market entry, and operational efficiency. Strong analytical mindset combined with executive communication skills.","People energize me. I love orchestrating diverse teams toward a shared vision and seeing everyone grow in the process. Outside work, I volunteer as a startup mentor, enjoy public speaking, and am an avid podcast listener — especially on strategy and behavioral economics.",ENFJ,"Yoga, Networking, Startups, Biographies, Podcasting"
U012,Jai Chandra,23,Ahmedabad,Project Manager,10,Operations manager with 10 years streamlining supply chain and process workflows in legal tech. Data-driven decision-maker with expertise in lean management and cost reduction without sacrificing quality.,"People energize me. I love orchestrating diverse teams toward a shared vision and seeing everyone grow in the process. Outside work, I volunteer as a startup mentor, enjoy public speaking, and am an avid podcast listener — especially on strategy and behavioral economics.",ENTJ,"Podcasting, Strategy Games, Networking, Mentoring, Public Speaking"
U013,Chirag Dutta,41,Indore,Team Lead,4,Operations manager with 4 years streamlining supply chain and process workflows in logistics. Data-driven decision-maker with expertise in lean management and cost reduction without sacrificing quality.,"Driven by the belief that great teams build great products. I bring energy, structure, and empathy to every project I lead. Passionate about DEI in tech, I mentor women entering product roles. In my downtime, I travel and practice yoga.",ENFJ,"Biographies, Networking, Public Speaking, Strategy Games"
U014,Varun Kumar,32,Bangalore,Frontend Developer,10,"UX designer with 10 years crafting human-centered digital experiences for edtech products. Proficient in Figma, user research, and design systems. Believe great design is invisible when done right.","Design is how I make sense of the world. I am deeply empathetic, endlessly curious, and most alive when solving a thorny user problem with an elegant interface. I sketch in cafés, follow UX thought leaders obsessively, and believe accessibility is not optional.",ENFP,"Design Systems, Writing, Photography, Animation, Cinema"
U015,Meera Chopra,29,Jaipur,Content Strategist,11,"Frontend developer with 11 years building responsive, accessible web applications using React, TypeScript, and modern CSS. Passionate about micro-interactions, performance optimization, and clean component architecture.","I build beautiful things that also work beautifully. Code is my paintbrush. When I'm not pushing pixels or writing components, I'm playing indie games, attending design conferences, or sketching wireframes on paper napkins at coffee shops.",ESFP,"Theatre, Street Art, Writing"
U016,Siddharth Gupta,43,Indore,Digital Marketing Specialist,6,"UX designer with 6 years crafting human-centered digital experiences for media & entertainment products. Proficient in Figma, user research, and design systems. Believe great design is invisible when done right.","Design is how I make sense of the world. I am deeply empathetic, endlessly curious, and most alive when solving a thorny user problem with an elegant interface. I sketch in cafés, follow UX thought leaders obsessively, and believe accessibility is not optional.",ISFP,"Street Art, Gaming, Photography"
U017,Ayaan Shah,28,Patna,Educator,8,"Technical writer with 8 years producing developer documentation, API guides, and internal wikis for e-commerce software products. Passionate about making complex systems understandable to every audience.","Curious, collaborative, and always learning. I find that the best solutions come from bringing different perspectives together. Outside of work, I practice Kalaripayattu, teach coding to underprivileged kids, and write a newsletter on emerging tech trends.",INFJ,"Climate Tech, Fitness, Meditation"
U018,Vikram Ghosh,22,Delhi,Digital Marketing Specialist,4,"Digital marketing specialist with 4 years running data-driven campaigns across paid, organic, and social channels in the media & entertainment space. Skilled in Google Analytics, A/B testing, and conversion rate optimization.","I create because I must. Whether it is a pixel-perfect component, a well-crafted tweet, or a short story, I care deeply about form and function. I am collaborative, feedback-hungry, and find inspiration in travel, cinema, and street photography.",INFP,"Design Systems, Cinema, Street Art, Animation"
U019,Tanvi Pillai,36,Lucknow,Graphic Designer,7,"Content strategist with 7 years developing brand narratives and editorial strategies for edtech companies. Expert in SEO, audience segmentation, and translating technical concepts into compelling stories.","I create because I must. Whether it is a pixel-perfect component, a well-crafted tweet, or a short story, I care deeply about form and function. I am collaborative, feedback-hungry, and find inspiration in travel, cinema, and street photography.",ESFP,"Animation, UX Research, Design Systems"
U020,Kirti Singh,23,Guwahati,UX Designer,8,"UX designer with 8 years crafting human-centered digital experiences for SaaS B2B products. Proficient in Figma, user research, and design systems. Believe great design is invisible when done right.","I create because I must. Whether it is a pixel-perfect component, a well-crafted tweet, or a short story, I care deeply about form and function. I am collaborative, feedback-hungry, and find inspiration in travel, cinema, and street photography.",INFP,"Animation, Photography, Writing"
U021,Vidya Joshi,40,Ahmedabad,Database Administrator,10,"Business intelligence analyst with 10 years transforming complex datasets into executive dashboards and strategic reports. Expert in Power BI, Tableau, and SQL, with a strong focus on fintech sector analytics.","Methodical by nature, curious by choice. I recharge through solo travel, writing technical blogs, and experimenting with side projects. I value colleagues who communicate clearly and are driven by evidence rather than opinion.",INTP,"Mathematics, Hiking, Data Visualization, Open Source"
U022,Uday Nair,43,Lucknow,Program Manager,8,"Product manager with 8 years driving end-to-end product lifecycle from ideation to launch in the fintech space. Experienced in agile methodologies, stakeholder alignment, and growth-focused roadmap planning.","I genuinely care about the humans behind the metrics. I believe the best ideas come from psychologically safe environments. Outside the office, I am a semi-professional photographer and a die-hard board game enthusiast.",ESTJ,"Strategy Games, Public Speaking, Biographies, Mentoring, Networking"
U023,Irfan Pillai,26,Bhopal,Brand Designer,2,"Frontend developer with 2 years building responsive, accessible web applications using React, TypeScript, and modern CSS. Passionate about micro-interactions, performance optimization, and clean component architecture.","I build beautiful things that also work beautifully. Code is my paintbrush. When I'm not pushing pixels or writing components, I'm playing indie games, attending design conferences, or sketching wireframes on paper napkins at coffee shops.",ENFP,"Music, UX Research, Design Systems, Gaming, Animation"
U024,Ira Gupta,26,Jaipur,Psychologist,2,"Cloud architect with 2 years designing scalable multi-cloud solutions for SaaS B2B enterprises. Certified in AWS and GCP, with deep expertise in microservices, IaC (Terraform), and cost optimization.","I am energized by ambiguity and cross-disciplinary thinking. I feel most alive at the intersection of data, design, and decision-making. I'm an amateur astronomer, an occasional ultramarathon runner, and a passionate advocate for mental health in tech workplaces.",ENTP,"Meditation, Traveling, Cooking, Climate Tech"
U025,Girish Pillai,38,Surat,Data Scientist,5,"Business intelligence analyst with 5 years transforming complex datasets into executive dashboards and strategic reports. Expert in Power BI, Tableau, and SQL, with a strong focus on climate tech sector analytics.","Methodical by nature, curious by choice. I recharge through solo travel, writing technical blogs, and experimenting with side projects. I value colleagues who communicate clearly and are driven by evidence rather than opinion.",INTP,"Machine Learning, Hiking, Open Source"
U026,Abhinav Pillai,27,Nagpur,Full Stack Developer,9,"UX designer with 9 years crafting human-centered digital experiences for healthcare products. Proficient in Figma, user research, and design systems. Believe great design is invisible when done right.","Design is how I make sense of the world. I am deeply empathetic, endlessly curious, and most alive when solving a thorny user problem with an elegant interface. I sketch in cafés, follow UX thought leaders obsessively, and believe accessibility is not optional.",ISFP,"Cinema, UX Research, Design Systems, Street Art, Animation"
U027,Tariq Hegde,26,Indore,Software Engineer,3,"Data scientist with 3 years of experience in cybersecurity, specializing in predictive modeling, SQL, and Python-based analytics pipelines. Passionate about turning raw data into actionable business insights and building scalable ML systems.","Methodical by nature, curious by choice. I recharge through solo travel, writing technical blogs, and experimenting with side projects. I value colleagues who communicate clearly and are driven by evidence rather than opinion.",INTP,"Mathematics, Chess, Hiking"
U028,Qadir Arora,41,Chennai,Animator,4,"Frontend developer with 4 years building responsive, accessible web applications using React, TypeScript, and modern CSS. Passionate about micro-interactions, performance optimization, and clean component architecture.","I build beautiful things that also work beautifully. Code is my paintbrush. When I'm not pushing pixels or writing components, I'm playing indie games, attending design conferences, or sketching wireframes on paper napkins at coffee shops.",INFP,"Cinema, Gaming, Street Art"
U029,Ekta Chandra,30,Pune,Educator,12,"Scrum master with 12 years coaching agile teams in healthcare to improve delivery velocity, reduce blockers, and foster a culture of continuous improvement and psychological safety.","Pragmatic idealist. I believe technology should serve humanity and the planet. I spend my weekends contributing to open-source climate tools, learning Carnatic music, and being humbled by my vegetable garden. I value work that has a clear 'why'.",ENTP,"Fitness, Cooking, Music"
U030,Ishaan Das,22,Kolkata,Strategy Consultant,7,"Engineering manager with 7 years leading cross-functional teams of 10–20 engineers. Champion of psychological safety, iterative delivery, and engineering excellence within fintech organizations.","Driven by the belief that great teams build great products. I bring energy, structure, and empathy to every project I lead. Passionate about DEI in tech, I mentor women entering product roles. In my downtime, I travel and practice yoga.",ESTJ,"Biographies, Traveling, Yoga, Startups, Strategy Games"
U031,Chirag Iyer,40,Jaipur,Financial Analyst,1,"Technical writer with 1 years producing developer documentation, API guides, and internal wikis for real estate software products. Passionate about making complex systems understandable to every audience.","I am energized by ambiguity and cross-disciplinary thinking. I feel most alive at the intersection of data, design, and decision-making. I'm an amateur astronomer, an occasional ultramarathon runner, and a passionate advocate for mental health in tech workplaces.",ENTP,"Meditation, Volunteering, Climate Tech, Traveling"
U032,Sumit Shah,30,Mumbai,UX Designer,12,"Mobile app developer with 12 years building Flutter and React Native applications for SaaS B2B clients. Focused on smooth UX, offline-first architecture, and app store optimization.","I create because I must. Whether it is a pixel-perfect component, a well-crafted tweet, or a short story, I care deeply about form and function. I am collaborative, feedback-hungry, and find inspiration in travel, cinema, and street photography.",ISFP,"Street Art, Photography, Gaming, Music"
U033,Kirti Joshi,31,Vadodara,Brand Designer,5,"Content strategist with 5 years developing brand narratives and editorial strategies for real estate companies. Expert in SEO, audience segmentation, and translating technical concepts into compelling stories.","I create because I must. Whether it is a pixel-perfect component, a well-crafted tweet, or a short story, I care deeply about form and function. I am collaborative, feedback-hungry, and find inspiration in travel, cinema, and street photography.",ISFP,"Street Art, Animation, Cinema"
U034,Xavier Jain,31,Kochi,Software Engineer,9,"Backend engineer with 9 years building high-performance distributed systems. Proficient in Python, Java, and cloud infrastructure (AWS/GCP). Focused on designing fault-tolerant architectures that serve millions of users.","I approach life like a well-structured codebase — modular, documented, and always open to refactoring. I enjoy solving puzzles, mentoring college students on ML fundamentals, and debating tech architecture over coffee.",INTJ,"Data Visualization, Hiking, Robotics, Mathematics, Astronomy"
U035,Farida Bose,38,Surat,Mobile App Developer,12,"Content strategist with 12 years developing brand narratives and editorial strategies for fintech companies. Expert in SEO, audience segmentation, and translating technical concepts into compelling stories.","Story-driven and systems-minded. I love when brand narratives align perfectly with user needs. Off-screen, I write flash fiction, take improvisation theatre classes, and run a small book club. I believe great work is born from genuine curiosity and real collaboration.",INFP,"Writing, Music, Animation"
U036,Ritika Reddy,22,Mumbai,Frontend Developer,4,"UX designer with 4 years crafting human-centered digital experiences for hr tech products. Proficient in Figma, user research, and design systems. Believe great design is invisible when done right.","I build beautiful things that also work beautifully. Code is my paintbrush. When I'm not pushing pixels or writing components, I'm playing indie games, attending design conferences, or sketching wireframes on paper napkins at coffee shops.",ESFP,"Animation, Writing, Street Art, UX Research"
U037,Vidya Chandra,26,Bangalore,Content Strategist,2,"Mobile app developer with 2 years building Flutter and React Native applications for e-commerce clients. Focused on smooth UX, offline-first architecture, and app store optimization.","I build beautiful things that also work beautifully. Code is my paintbrush. When I'm not pushing pixels or writing components, I'm playing indie games, attending design conferences, or sketching wireframes on paper napkins at coffee shops.",ISFP,"UX Research, Writing, Photography"
U038,Chetan Nair,36,Vadodara,Program Manager,9,"Business analyst with 9 years bridging the gap between technical teams and business stakeholders in media & entertainment. Specializes in requirements gathering, process mapping, and KPI tracking to deliver measurable outcomes.","I genuinely care about the humans behind the metrics. I believe the best ideas come from psychologically safe environments. Outside the office, I am a semi-professional photographer and a die-hard board game enthusiast.",ESTJ,"Networking, Podcasting, Strategy Games, Cricket, Biographies"
U039,Ayaan Menon,38,Surat,Copywriter,11,"UX designer with 11 years crafting human-centered digital experiences for media & entertainment products. Proficient in Figma, user research, and design systems. Believe great design is invisible when done right.","Story-driven and systems-minded. I love when brand narratives align perfectly with user needs. Off-screen, I write flash fiction, take improvisation theatre classes, and run a small book club. I believe great work is born from genuine curiosity and real collaboration.",ENFP,"Music, Gaming, UX Research"
U040,Nandita Mehta,26,Chennai,Quantitative Analyst,4,"Quantitative analyst with 4 years applying statistical models and algorithmic strategies in e-commerce. Proficient in Python, R, and MATLAB for risk modeling, backtesting, and portfolio optimization.","A lifelong learner who finds satisfaction in breaking down complex systems. I spend weekends tinkering with Raspberry Pi projects, reading about cognitive science, and hiking. I believe in honest feedback, quiet leadership, and compounding improvement.",ISTP,"Astronomy, Data Visualization, Hiking"
U041,Nandita Saxena,35,Mumbai,Digital Marketing Specialist,4,"Mobile app developer with 4 years building Flutter and React Native applications for hr tech clients. Focused on smooth UX, offline-first architecture, and app store optimization.","Design is how I make sense of the world. I am deeply empathetic, endlessly curious, and most alive when solving a thorny user problem with an elegant interface. I sketch in cafés, follow UX thought leaders obsessively, and believe accessibility is not optional.",ISFP,"Street Art, Theatre, Design Systems, Cinema, Animation"
U042,Tanvi Arora,39,Patna,Social Media Manager,10,"Content strategist with 10 years developing brand narratives and editorial strategies for edtech companies. Expert in SEO, audience segmentation, and translating technical concepts into compelling stories.","I build beautiful things that also work beautifully. Code is my paintbrush. When I'm not pushing pixels or writing components, I'm playing indie games, attending design conferences, or sketching wireframes on paper napkins at coffee shops.",ENFP,"Design Systems, Street Art, Gaming, Theatre"
U043,Farida Khanna,27,Nagpur,Systems Architect,3,"Cybersecurity analyst with 3 years protecting enterprise infrastructure from evolving threats. Hands-on experience in penetration testing, SIEM platforms, and incident response in the gaming domain.","I thrive on structure, data, and solving problems that others overlook. Outside work, I enjoy chess, reading science non-fiction, and contributing to open-source projects. I value deep focus, intellectual honesty, and teams that hold each other to high standards.",INTJ,"Astronomy, Open Source, Robotics"
U044,Swati Singh,30,Kochi,Marketing Manager,6,"Engineering manager with 6 years leading cross-functional teams of 10–20 engineers. Champion of psychological safety, iterative delivery, and engineering excellence within cybersecurity organizations.","I genuinely care about the humans behind the metrics. I believe the best ideas come from psychologically safe environments. Outside the office, I am a semi-professional photographer and a die-hard board game enthusiast.",ENFJ,"Traveling, Mentoring, Public Speaking, Cricket"
U045,Arjun Ghosh,23,Bhopal,Program Manager,4,"Product manager with 4 years driving end-to-end product lifecycle from ideation to launch in the climate tech space. Experienced in agile methodologies, stakeholder alignment, and growth-focused roadmap planning.","People energize me. I love orchestrating diverse teams toward a shared vision and seeing everyone grow in the process. Outside work, I volunteer as a startup mentor, enjoy public speaking, and am an avid podcast listener — especially on strategy and behavioral economics.",ENTJ,"Cricket, Startups, Podcasting"
U046,Aditi Nair,37,Hyderabad,Marketing Manager,10,"Engineering manager with 10 years leading cross-functional teams of 10–20 engineers. Champion of psychological safety, iterative delivery, and engineering excellence within legal tech organizations.","Driven by the belief that great teams build great products. I bring energy, structure, and empathy to every project I lead. Passionate about DEI in tech, I mentor women entering product roles. In my downtime, I travel and practice yoga.",ENFJ,"Strategy Games, Public Speaking, Podcasting"
U047,Jai Gupta,40,Bangalore,Systems Architect,5,"Backend engineer with 5 years building high-performance distributed systems. Proficient in Python, Java, and cloud infrastructure (AWS/GCP). Focused on designing fault-tolerant architectures that serve millions of users.","I thrive on structure, data, and solving problems that others overlook. Outside work, I enjoy chess, reading science non-fiction, and contributing to open-source projects. I value deep focus, intellectual honesty, and teams that hold each other to high standards.",ISTP,"Mathematics, Chess, Reading, Astronomy, Hiking"
U048,Vijay Joshi,40,Mumbai,Mobile App Developer,6,"UX designer with 6 years crafting human-centered digital experiences for cybersecurity products. Proficient in Figma, user research, and design systems. Believe great design is invisible when done right.","Story-driven and systems-minded. I love when brand narratives align perfectly with user needs. Off-screen, I write flash fiction, take improvisation theatre classes, and run a small book club. I believe great work is born from genuine curiosity and real collaboration.",ISFP,"Street Art, Theatre, Photography"
U049,Zara Malhotra,42,Nagpur,Educator,12,"Entrepreneur with 12 years building and scaling tech startups in e-commerce. Experience in fundraising, go-to-market strategy, team building, and pivoting products based on user feedback loops.","I am energized by ambiguity and cross-disciplinary thinking. I feel most alive at the intersection of data, design, and decision-making. I'm an amateur astronomer, an occasional ultramarathon runner, and a passionate advocate for mental health in tech workplaces.",INFJ,"Volunteering, Fitness, Meditation, Traveling, Cooking"
U050,Uma Menon,32,Ahmedabad,Cybersecurity Analyst,2,"Business intelligence analyst with 2 years transforming complex datasets into executive dashboards and strategic reports. Expert in Power BI, Tableau, and SQL, with a strong focus on edtech sector analytics.","I approach life like a well-structured codebase — modular, documented, and always open to refactoring. I enjoy solving puzzles, mentoring college students on ML fundamentals, and debating tech architecture over coffee.",ISTJ,"Machine Learning, Robotics, Hiking, Chess"
U051,Govind Bose,33,Jaipur,Database Administrator,6,"Machine learning engineer with 6 years of experience deploying production-grade NLP and computer vision models. Skilled in PyTorch, Scikit-learn, and MLOps practices to bridge the gap between research and real-world deployment.","I thrive on structure, data, and solving problems that others overlook. Outside work, I enjoy chess, reading science non-fiction, and contributing to open-source projects. I value deep focus, intellectual honesty, and teams that hold each other to high standards.",ISTJ,"Mathematics, Chess, Data Visualization, Hiking, Robotics"
U052,Govind Hegde,29,Surat,Social Media Manager,11,"UX designer with 11 years crafting human-centered digital experiences for hr tech products. Proficient in Figma, user research, and design systems. Believe great design is invisible when done right.","Design is how I make sense of the world. I am deeply empathetic, endlessly curious, and most alive when solving a thorny user problem with an elegant interface. I sketch in cafés, follow UX thought leaders obsessively, and believe accessibility is not optional.",ESFP,"Writing, Street Art, Animation, Cinema"
U053,Dhruv Kulkarni,33,Surat,HR Manager,9,"Business analyst with 9 years bridging the gap between technical teams and business stakeholders in legal tech. Specializes in requirements gathering, process mapping, and KPI tracking to deliver measurable outcomes.","Driven by the belief that great teams build great products. I bring energy, structure, and empathy to every project I lead. Passionate about DEI in tech, I mentor women entering product roles. In my downtime, I travel and practice yoga.",ESFJ,"Networking, Mentoring, Biographies, Podcasting"
U054,Ishaan Joshi,28,Chandigarh,Content Strategist,2,"Digital marketing specialist with 2 years running data-driven campaigns across paid, organic, and social channels in the edtech space. Skilled in Google Analytics, A/B testing, and conversion rate optimization.","Story-driven and systems-minded. I love when brand narratives align perfectly with user needs. Off-screen, I write flash fiction, take improvisation theatre classes, and run a small book club. I believe great work is born from genuine curiosity and real collaboration.",INFP,"Animation, UX Research, Music, Design Systems, Photography"
U055,Hemant Das,33,Pune,Quantitative Analyst,5,"Backend engineer with 5 years building high-performance distributed systems. Proficient in Python, Java, and cloud infrastructure (AWS/GCP). Focused on designing fault-tolerant architectures that serve millions of users.","Methodical by nature, curious by choice. I recharge through solo travel, writing technical blogs, and experimenting with side projects. I value colleagues who communicate clearly and are driven by evidence rather than opinion.",INTJ,"Machine Learning, Competitive Coding, Reading"
U056,Indira Nair,42,Surat,Database Administrator,2,"Business intelligence analyst with 2 years transforming complex datasets into executive dashboards and strategic reports. Expert in Power BI, Tableau, and SQL, with a strong focus on logistics sector analytics.","I approach life like a well-structured codebase — modular, documented, and always open to refactoring. I enjoy solving puzzles, mentoring college students on ML fundamentals, and debating tech architecture over coffee.",INTJ,"Hiking, Open Source, Machine Learning, Competitive Coding"
U057,Falguni Joshi,24,Kochi,CEO,8,"Product manager with 8 years driving end-to-end product lifecycle from ideation to launch in the climate tech space. Experienced in agile methodologies, stakeholder alignment, and growth-focused roadmap planning.","I am at my best when rallying a team through ambiguity. I enjoy the challenge of turning fuzzy problems into clear roadmaps. On weekends, I coach a youth cricket team and read biographies of business leaders. I value transparency, ownership, and bias for action.",ENTJ,"Strategy Games, Mentoring, Public Speaking"
U058,Ayaan Joshi,39,Indore,Animator,10,"Digital marketing specialist with 10 years running data-driven campaigns across paid, organic, and social channels in the SaaS B2B space. Skilled in Google Analytics, A/B testing, and conversion rate optimization.","I build beautiful things that also work beautifully. Code is my paintbrush. When I'm not pushing pixels or writing components, I'm playing indie games, attending design conferences, or sketching wireframes on paper napkins at coffee shops.",ENFP,"Music, Street Art, Animation, Theatre"
U059,Yogesh Singh,41,Hyderabad,Strategy Consultant,4,"Product manager with 4 years driving end-to-end product lifecycle from ideation to launch in the climate tech space. Experienced in agile methodologies, stakeholder alignment, and growth-focused roadmap planning.","I am at my best when rallying a team through ambiguity. I enjoy the challenge of turning fuzzy problems into clear roadmaps. On weekends, I coach a youth cricket team and read biographies of business leaders. I value transparency, ownership, and bias for action.",ENFJ,"Podcasting, Biographies, Public Speaking"
U060,Gaurav Sharma,35,Nagpur,Copywriter,12,"Frontend developer with 12 years building responsive, accessible web applications using React, TypeScript, and modern CSS. Passionate about micro-interactions, performance optimization, and clean component architecture.","Story-driven and systems-minded. I love when brand narratives align perfectly with user needs. Off-screen, I write flash fiction, take improvisation theatre classes, and run a small book club. I believe great work is born from genuine curiosity and real collaboration.",ESFP,"Music, Theatre, Photography, Gaming, UX Research"
U061,Chirag Kulkarni,43,Kolkata,Biomedical Engineer,7,"Cloud architect with 7 years designing scalable multi-cloud solutions for edtech enterprises. Certified in AWS and GCP, with deep expertise in microservices, IaC (Terraform), and cost optimization.","I am energized by ambiguity and cross-disciplinary thinking. I feel most alive at the intersection of data, design, and decision-making. I'm an amateur astronomer, an occasional ultramarathon runner, and a passionate advocate for mental health in tech workplaces.",ENTP,"Climate Tech, Philosophy, Open Source"
U062,Jai Lal,40,Lucknow,EdTech Developer,8,"Technical writer with 8 years producing developer documentation, API guides, and internal wikis for legal tech software products. Passionate about making complex systems understandable to every audience.","Curious, collaborative, and always learning. I find that the best solutions come from bringing different perspectives together. Outside of work, I practice Kalaripayattu, teach coding to underprivileged kids, and write a newsletter on emerging tech trends.",ENTP,"Volunteering, Meditation, Fitness, Traveling"
U063,Rahul Lal,23,Indore,CEO,12,"Product manager with 12 years driving end-to-end product lifecycle from ideation to launch in the logistics space. Experienced in agile methodologies, stakeholder alignment, and growth-focused roadmap planning.","People energize me. I love orchestrating diverse teams toward a shared vision and seeing everyone grow in the process. Outside work, I volunteer as a startup mentor, enjoy public speaking, and am an avid podcast listener — especially on strategy and behavioral economics.",ESTJ,"Strategy Games, Startups, Mentoring"
U064,Sumit Patel,27,Surat,Scrum Master,9,"Entrepreneur with 9 years building and scaling tech startups in e-commerce. Experience in fundraising, go-to-market strategy, team building, and pivoting products based on user feedback loops.","Curious, collaborative, and always learning. I find that the best solutions come from bringing different perspectives together. Outside of work, I practice Kalaripayattu, teach coding to underprivileged kids, and write a newsletter on emerging tech trends.",ESTP,"Fitness, Climate Tech, Meditation, Open Source, Traveling"
U065,Mona Chatterjee,43,Hyderabad,HR Manager,3,Operations manager with 3 years streamlining supply chain and process workflows in legal tech. Data-driven decision-maker with expertise in lean management and cost reduction without sacrificing quality.,"Driven by the belief that great teams build great products. I bring energy, structure, and empathy to every project I lead. Passionate about DEI in tech, I mentor women entering product roles. In my downtime, I travel and practice yoga.",ESTJ,"Traveling, Biographies, Startups, Cricket, Networking"
U066,Kirti Pillai,32,Hyderabad,Research Analyst,7,"Business intelligence analyst with 7 years transforming complex datasets into executive dashboards and strategic reports. Expert in Power BI, Tableau, and SQL, with a strong focus on SaaS B2B sector analytics.","I approach life like a well-structured codebase — modular, documented, and always open to refactoring. I enjoy solving puzzles, mentoring college students on ML fundamentals, and debating tech architecture over coffee.",INTJ,"Mathematics, Competitive Coding, Hiking"
U067,Yogesh Bajaj,42,Nagpur,Strategy Consultant,1,"Strategy consultant with 1 years advising SaaS B2B clients on digital transformation, market entry, and operational efficiency. Strong analytical mindset combined with executive communication skills.","Driven by the belief that great teams build great products. I bring energy, structure, and empathy to every project I lead. Passionate about DEI in tech, I mentor women entering product roles. In my downtime, I travel and practice yoga.",ENFJ,"Networking, Public Speaking, Startups, Yoga"
U068,Waqar Chandra,44,Pune,DevOps Engineer,5,"Data scientist with 5 years of experience in real estate, specializing in predictive modeling, SQL, and Python-based analytics pipelines. Passionate about turning raw data into actionable business insights and building scalable ML systems.","A lifelong learner who finds satisfaction in breaking down complex systems. I spend weekends tinkering with Raspberry Pi projects, reading about cognitive science, and hiking. I believe in honest feedback, quiet leadership, and compounding improvement.",INTJ,"Robotics, Chess, Open Source"
U069,Hina Kaur,38,Jaipur,Social Media Manager,7,"Digital marketing specialist with 7 years running data-driven campaigns across paid, organic, and social channels in the edtech space. Skilled in Google Analytics, A/B testing, and conversion rate optimization.","I create because I must. Whether it is a pixel-perfect component, a well-crafted tweet, or a short story, I care deeply about form and function. I am collaborative, feedback-hungry, and find inspiration in travel, cinema, and street photography.",ESFP,"Writing, UX Research, Cinema, Street Art"
U070,Karan Menon,35,Chandigarh,Data Analyst,9,"Quantitative analyst with 9 years applying statistical models and algorithmic strategies in logistics. Proficient in Python, R, and MATLAB for risk modeling, backtesting, and portfolio optimization.","Methodical by nature, curious by choice. I recharge through solo travel, writing technical blogs, and experimenting with side projects. I value colleagues who communicate clearly and are driven by evidence rather than opinion.",ISTJ,"Data Visualization, Robotics, Open Source, Mathematics, Reading"
U071,Falguni Sinha,32,Patna,Cybersecurity Analyst,9,"Backend engineer with 9 years building high-performance distributed systems. Proficient in Python, Java, and cloud infrastructure (AWS/GCP). Focused on designing fault-tolerant architectures that serve millions of users.","A lifelong learner who finds satisfaction in breaking down complex systems. I spend weekends tinkering with Raspberry Pi projects, reading about cognitive science, and hiking. I believe in honest feedback, quiet leadership, and compounding improvement.",ISTP,"Astronomy, Mathematics, Data Visualization, Machine Learning, Open Source"
U072,Eshan Kapoor,34,Chennai,Business Intelligence Analyst,8,"Cybersecurity analyst with 8 years protecting enterprise infrastructure from evolving threats. Hands-on experience in penetration testing, SIEM platforms, and incident response in the SaaS B2B domain.","Methodical by nature, curious by choice. I recharge through solo travel, writing technical blogs, and experimenting with side projects. I value colleagues who communicate clearly and are driven by evidence rather than opinion.",INTP,"Robotics, Chess, Data Visualization"
U073,Aisha Reddy,35,Chennai,Animator,2,"Content strategist with 2 years developing brand narratives and editorial strategies for logistics companies. Expert in SEO, audience segmentation, and translating technical concepts into compelling stories.","I build beautiful things that also work beautifully. Code is my paintbrush. When I'm not pushing pixels or writing components, I'm playing indie games, attending design conferences, or sketching wireframes on paper napkins at coffee shops.",ESFP,"Photography, Gaming, Street Art, Cinema, UX Research"
U074,Kamini Bajaj,39,Mumbai,Operations Manager,10,"Engineering manager with 10 years leading cross-functional teams of 10–20 engineers. Champion of psychological safety, iterative delivery, and engineering excellence within climate tech organizations.","I am at my best when rallying a team through ambiguity. I enjoy the challenge of turning fuzzy problems into clear roadmaps. On weekends, I coach a youth cricket team and read biographies of business leaders. I value transparency, ownership, and bias for action.",ENTJ,"Public Speaking, Traveling, Strategy Games, Biographies, Yoga"
U075,Jagdish Gupta,36,Pune,Data Engineer,12,"Technical writer with 12 years producing developer documentation, API guides, and internal wikis for healthcare software products. Passionate about making complex systems understandable to every audience.","I exist in the overlap between technical and human — half engineer, half storyteller. I enjoy building things that solve real problems for real people. I read widely across philosophy, tech, and history, and love long conversations about ideas with smart, kind people.",ISFJ,"Cooking, Meditation, Blogging, Climate Tech"
U076,Rohan Verma,45,Ahmedabad,Cloud Architect,17,UX designer with 17 years creating intuitive and accessible digital interfaces. Passionate about user research and design systems.,Driven by the belief that great teams build great products. I bring structure and empathy to every project. Passionate about mentoring.,ESFP,"Strategy Games, Cinema, Data Visualization, Fitness, Robotics"
U077,Arun Sharma,33,Noida,Cybersecurity Analyst,12,"Cybersecurity analyst with 12 years protecting enterprise networks, conducting penetration tests, and ensuring compliance.","People energize me. I enjoy orchestrating teams toward a shared vision. On weekends, I volunteer as a tech mentor and host a podcast.",ENFP,"Robotics, Chess, Meditation, Street Art, Fitness"
U078,Anjali Chopra,38,Surat,Product Manager,11,UX designer with 11 years creating intuitive and accessible digital interfaces. Passionate about user research and design systems.,"Pragmatic idealist. I believe technology should serve humanity. I spend my weekends hiking, gardening, and learning classical music.",ISFJ,"Traveling, Chess, Data Visualization"
U079,Riya Das,23,Mumbai,Operations Manager,3,"Cloud architect with 3 years designing fault-tolerant multi-cloud environments. Deep expertise in AWS, GCP, and Kubernetes.","Design is how I make sense of the world. I am endlessly curious, empathetic, and most alive when creating elegant user experiences. I love sketching and photography.",ENTJ,"Street Art, Chess, Traveling, Astronomy, Startups"
U080,Suresh Gupta,39,Kochi,Marketing Manager,16,Product manager with 16 years leading diverse teams to deliver customer-centric solutions in the B2B SaaS space.,"Curious, collaborative, and constantly learning. I believe the best solutions come from diverse perspectives. I enjoy yoga and meditation.",ISTJ,"Music, Startups, Hiking, Cooking"
U081,Priya Gupta,40,Kolkata,Financial Analyst,16,"Data scientist with 16 years solving complex business problems using machine learning and NLP. Skilled in Python, TensorFlow, and SQL.","I thrive on structure, data, and solving complex problems. Outside work, I enjoy chess, reading sci-fi, and contributing to open source.",ESFP,"Street Art, Cooking, Hiking"
U082,Sanjay Chawla,45,Patna,DevOps Engineer,22,UX designer with 22 years creating intuitive and accessible digital interfaces. Passionate about user research and design systems.,"Methodical by nature, curious by choice. I recharge through solo travel, reading about history, and participating in hackathons.",ISTJ,"Reading, Yoga, Meditation"
U083,Sunil Gupta,37,Ahmedabad,HR Manager,11,"Marketing manager with 11 years driving digital growth through data-driven campaigns, SEO optimization, and content strategy.","I build beautiful things that also work beautifully. Code is my paintbrush. When I am not working, I am exploring indie games or street art.",INFJ,"Music, Reading, Fitness"
U084,Megha Gupta,44,Ahmedabad,Data Scientist,17,UX designer with 17 years creating intuitive and accessible digital interfaces. Passionate about user research and design systems.,"Pragmatic idealist. I believe technology should serve humanity. I spend my weekends hiking, gardening, and learning classical music.",ENFP,"Meditation, Startups, Robotics"
U085,Kiran Sharma,30,Lucknow,Machine Learning Engineer,4,"Software engineer with 4 years of experience building scalable backend services. Proficient in Python, AWS, and distributed systems architecture.","People energize me. I enjoy orchestrating teams toward a shared vision. On weekends, I volunteer as a tech mentor and host a podcast.",ISFJ,"Music, Street Art, Robotics, Data Visualization, Yoga"
U086,Karan Ahuja,22,Kolkata,Data Scientist,1,"Cybersecurity analyst with 1 years protecting enterprise networks, conducting penetration tests, and ensuring compliance.","I thrive on structure, data, and solving complex problems. Outside work, I enjoy chess, reading sci-fi, and contributing to open source.",INFJ,"Street Art, Music, Gaming, Chess"
U087,Amit Mehta,27,Pune,Machine Learning Engineer,4,"Cybersecurity analyst with 4 years protecting enterprise networks, conducting penetration tests, and ensuring compliance.",Driven by the belief that great teams build great products. I bring structure and empathy to every project. Passionate about mentoring.,ISFP,"Cooking, Traveling, Music"
U088,Divya Rao,44,Kochi,Financial Analyst,3,"Marketing manager with 3 years driving digital growth through data-driven campaigns, SEO optimization, and content strategy.","Curious, collaborative, and constantly learning. I believe the best solutions come from diverse perspectives. I enjoy yoga and meditation.",ENTP,"Hiking, Photography, Gaming, Startups"
U089,Priya Verma,39,Bangalore,HR Manager,17,"Data scientist with 17 years solving complex business problems using machine learning and NLP. Skilled in Python, TensorFlow, and SQL.","Pragmatic idealist. I believe technology should serve humanity. I spend my weekends hiking, gardening, and learning classical music.",ESTP,"Yoga, Strategy Games, Hiking"
U090,Suresh Rao,26,Mumbai,Machine Learning Engineer,4,"Software engineer with 4 years of experience building scalable backend services. Proficient in Python, AWS, and distributed systems architecture.","People energize me. I enjoy orchestrating teams toward a shared vision. On weekends, I volunteer as a tech mentor and host a podcast.",INTP,"Open Source, Meditation, Traveling, Yoga"
U091,Kavita Rao,45,Hyderabad,Data Scientist,4,UX designer with 4 years creating intuitive and accessible digital interfaces. Passionate about user research and design systems.,"I thrive on structure, data, and solving complex problems. Outside work, I enjoy chess, reading sci-fi, and contributing to open source.",ENTP,"Meditation, Traveling, Strategy Games"
U092,Sanjay Verma,38,Bangalore,Backend Engineer,12,"Cloud architect with 12 years designing fault-tolerant multi-cloud environments. Deep expertise in AWS, GCP, and Kubernetes.","Curious, collaborative, and constantly learning. I believe the best solutions come from diverse perspectives. I enjoy yoga and meditation.",ESFP,"Cooking, Meditation, Photography, Robotics"
U093,Riya Jain,30,Noida,Cybersecurity Analyst,8,"Experienced frontend developer with 8 years crafting responsive, interactive web applications using React and modern CSS.","I build beautiful things that also work beautifully. Code is my paintbrush. When I am not working, I am exploring indie games or street art.",ENTP,"Data Visualization, Chess, Music, Yoga"
U094,Sneha Patel,30,Indore,Data Scientist,4,"Experienced frontend developer with 4 years crafting responsive, interactive web applications using React and modern CSS.","I thrive on structure, data, and solving complex problems. Outside work, I enjoy chess, reading sci-fi, and contributing to open source.",ESFP,"Yoga, Robotics, Traveling, Cooking, Cinema"
U095,Rohan Kapoor,34,Ahmedabad,UX Designer,8,"Cybersecurity analyst with 8 years protecting enterprise networks, conducting penetration tests, and ensuring compliance.",Driven by the belief that great teams build great products. I bring structure and empathy to every project. Passionate about mentoring.,ISFP,"Traveling, Astronomy, Open Source, Chess, Reading"
U096,Kiran Reddy,27,Noida,Backend Engineer,3,"Experienced frontend developer with 3 years crafting responsive, interactive web applications using React and modern CSS.","Pragmatic idealist. I believe technology should serve humanity. I spend my weekends hiking, gardening, and learning classical music.",INTJ,"Music, Yoga, Startups, Fitness, Traveling"
U097,Arun Ahuja,38,Ahmedabad,Marketing Manager,6,"HR professional with 6 years championing employee engagement, talent acquisition, and organizational development strategies.","Methodical by nature, curious by choice. I recharge through solo travel, reading about history, and participating in hackathons.",ESFP,"Reading, Strategy Games, Cooking, Music, Robotics"
U098,Vikas Kapoor,32,Gurgaon,DevOps Engineer,8,UX designer with 8 years creating intuitive and accessible digital interfaces. Passionate about user research and design systems.,"Pragmatic idealist. I believe technology should serve humanity. I spend my weekends hiking, gardening, and learning classical music.",INFJ,"Startups, Fitness, Robotics"
U099,Sanjay Nair,28,Delhi,UX Designer,7,Product manager with 7 years leading diverse teams to deliver customer-centric solutions in the B2B SaaS space.,"I thrive on structure, data, and solving complex problems. Outside work, I enjoy chess, reading sci-fi, and contributing to open source.",ESFP,"Cooking, Fitness, Music"
U100,Pooja Ahuja,32,Jaipur,Backend Engineer,4,"Data scientist with 4 years solving complex business problems using machine learning and NLP. Skilled in Python, TensorFlow, and SQL.",Driven by the belief that great teams build great products. I bring structure and empathy to every project. Passionate about mentoring.,ISFP,"Music, Meditation, Startups, Mentoring, Hiking"
U101,Megha Singh,35,Jaipur,UX Designer,4,"Experienced frontend developer with 4 years crafting responsive, interactive web applications using React and modern CSS.","People energize me. I enjoy orchestrating teams toward a shared vision. On weekends, I volunteer as a tech mentor and host a podcast.",ISFP,"Gaming, Yoga, Mentoring, Chess"
U102,Kiran Singh,31,Kochi,Backend Engineer,6,Product manager with 6 years leading diverse teams to deliver customer-centric solutions in the B2B SaaS space.,"Pragmatic idealist. I believe technology should serve humanity. I spend my weekends hiking, gardening, and learning classical music.",ESTP,"Open Source, Chess, Yoga"
U103,Kiran Gupta,23,Bangalore,HR Manager,2,Product manager with 2 years leading diverse teams to deliver customer-centric solutions in the B2B SaaS space.,"I build beautiful things that also work beautifully. Code is my paintbrush. When I am not working, I am exploring indie games or street art.",INTP,"Robotics, Cooking, Reading, Mentoring, Cinema"
U104,Megha Singh,43,Pune,Backend Engineer,18,"Cloud architect with 18 years designing fault-tolerant multi-cloud environments. Deep expertise in AWS, GCP, and Kubernetes.","Pragmatic idealist. I believe technology should serve humanity. I spend my weekends hiking, gardening, and learning classical music.",INFJ,"Fitness, Cinema, Music, Cooking, Gaming"
U105,Kiran Das,23,Hyderabad,DevOps Engineer,3,"Data scientist with 3 years solving complex business problems using machine learning and NLP. Skilled in Python, TensorFlow, and SQL.","I thrive on structure, data, and solving complex problems. Outside work, I enjoy chess, reading sci-fi, and contributing to open source.",ISFJ,"Mentoring, Robotics, Yoga, Chess"
U106,Riya Ahuja,30,Lucknow,Frontend Developer,10,"HR professional with 10 years championing employee engagement, talent acquisition, and organizational development strategies.","I build beautiful things that also work beautifully. Code is my paintbrush. When I am not working, I am exploring indie games or street art.",ISTJ,"Fitness, Chess, Music, Gaming"
U107,Suresh Iyer,45,Kochi,UX Designer,23,"Data scientist with 23 years solving complex business problems using machine learning and NLP. Skilled in Python, TensorFlow, and SQL.","Methodical by nature, curious by choice. I recharge through solo travel, reading about history, and participating in hackathons.",INTJ,"Data Visualization, Reading, Robotics"
U108,Raj Nair,34,Jaipur,Operations Manager,11,"Experienced frontend developer with 11 years crafting responsive, interactive web applications using React and modern CSS.","I build beautiful things that also work beautifully. Code is my paintbrush. When I am not working, I am exploring indie games or street art.",ESTJ,"Meditation, Music, Mentoring, Astronomy, Data Visualization"
U109,Kiran Chopra,23,Jaipur,UX Designer,2,"Software engineer with 2 years of experience building scalable backend services. Proficient in Python, AWS, and distributed systems architecture.","People energize me. I enjoy orchestrating teams toward a shared vision. On weekends, I volunteer as a tech mentor and host a podcast.",ESTP,"Traveling, Meditation, Startups"
U110,Kavita Bose,41,Chennai,Cloud Architect,11,"HR professional with 11 years championing employee engagement, talent acquisition, and organizational development strategies.","People energize me. I enjoy orchestrating teams toward a shared vision. On weekends, I volunteer as a tech mentor and host a podcast.",ESTJ,"Chess, Open Source, Robotics, Photography"
U111,Divya Chawla,36,Bangalore,Cloud Architect,11,Product manager with 11 years leading diverse teams to deliver customer-centric solutions in the B2B SaaS space.,"Curious, collaborative, and constantly learning. I believe the best solutions come from diverse perspectives. I enjoy yoga and meditation.",ESTJ,"Astronomy, Street Art, Gaming"
U112,Neha Bose,44,Chennai,Data Scientist,8,"Software engineer with 8 years of experience building scalable backend services. Proficient in Python, AWS, and distributed systems architecture.","I thrive on structure, data, and solving complex problems. Outside work, I enjoy chess, reading sci-fi, and contributing to open source.",ENFP,"Street Art, Cooking, Open Source"
U113,Arun Bose,38,Ahmedabad,Cloud Architect,11,"Software engineer with 11 years of experience building scalable backend services. Proficient in Python, AWS, and distributed systems architecture.","Design is how I make sense of the world. I am endlessly curious, empathetic, and most alive when creating elegant user experiences. I love sketching and photography.",ENTJ,"Robotics, Data Visualization, Reading"
U114,Raj Chopra,39,Ahmedabad,Operations Manager,8,"Data scientist with 8 years solving complex business problems using machine learning and NLP. Skilled in Python, TensorFlow, and SQL.",Driven by the belief that great teams build great products. I bring structure and empathy to every project. Passionate about mentoring.,ENFP,"Traveling, Cooking, Street Art"
U115,Suresh Reddy,44,Jaipur,HR Manager,11,"Data scientist with 11 years solving complex business problems using machine learning and NLP. Skilled in Python, TensorFlow, and SQL.","Design is how I make sense of the world. I am endlessly curious, empathetic, and most alive when creating elegant user experiences. I love sketching and photography.",INTP,"Hiking, Open Source, Reading"
U116,Kavita Sharma,31,Delhi,HR Manager,7,"Marketing manager with 7 years driving digital growth through data-driven campaigns, SEO optimization, and content strategy.","I build beautiful things that also work beautifully. Code is my paintbrush. When I am not working, I am exploring indie games or street art.",ISFP,"Fitness, Photography, Cooking, Cinema"
U117,Raj Gupta,30,Patna,Machine Learning Engineer,5,"Software engineer with 5 years of experience building scalable backend services. Proficient in Python, AWS, and distributed systems architecture.","Design is how I make sense of the world. I am endlessly curious, empathetic, and most alive when creating elegant user experiences. I love sketching and photography.",ENTP,"Strategy Games, Music, Open Source"
U118,Riya Iyer,40,Jaipur,Data Scientist,18,Product manager with 18 years leading diverse teams to deliver customer-centric solutions in the B2B SaaS space.,"Pragmatic idealist. I believe technology should serve humanity. I spend my weekends hiking, gardening, and learning classical music.",INFJ,"Mentoring, Robotics, Street Art, Chess, Yoga"
U119,Pooja Verma,28,Hyderabad,Cloud Architect,8,"Marketing manager with 8 years driving digital growth through data-driven campaigns, SEO optimization, and content strategy.","People energize me. I enjoy orchestrating teams toward a shared vision. On weekends, I volunteer as a tech mentor and host a podcast.",ENTJ,"Fitness, Traveling, Music, Startups, Hiking"
U120,Megha Jain,38,Kolkata,DevOps Engineer,9,Product manager with 9 years leading diverse teams to deliver customer-centric solutions in the B2B SaaS space.,"Design is how I make sense of the world. I am endlessly curious, empathetic, and most alive when creating elegant user experiences. I love sketching and photography.",ESFP,"Cooking, Gaming, Music, Cinema"
U121,Rohan Mehta,26,Indore,Cybersecurity Analyst,5,"Software engineer with 5 years of experience building scalable backend services. Proficient in Python, AWS, and distributed systems architecture.","Pragmatic idealist. I believe technology should serve humanity. I spend my weekends hiking, gardening, and learning classical music.",ENTJ,"Strategy Games, Yoga, Street Art, Gaming, Startups"
U122,Rohan Patel,40,Hyderabad,Cloud Architect,19,"Cybersecurity analyst with 19 years protecting enterprise networks, conducting penetration tests, and ensuring compliance.","Pragmatic idealist. I believe technology should serve humanity. I spend my weekends hiking, gardening, and learning classical music.",ENTP,"Street Art, Yoga, Hiking"
U123,Karan Das,40,Pune,Product Manager,9,UX designer with 9 years creating intuitive and accessible digital interfaces. Passionate about user research and design systems.,"Methodical by nature, curious by choice. I recharge through solo travel, reading about history, and participating in hackathons.",INTP,"Fitness, Reading, Photography"
U124,Sneha Sharma,44,Lucknow,Operations Manager,22,"Software engineer with 22 years of experience building scalable backend services. Proficient in Python, AWS, and distributed systems architecture.","I thrive on structure, data, and solving complex problems. Outside work, I enjoy chess, reading sci-fi, and contributing to open source.",ENTP,"Photography, Hiking, Reading, Cooking, Meditation"
U125,Megha Verma,38,Hyderabad,Marketing Manager,4,Product manager with 4 years leading diverse teams to deliver customer-centric solutions in the B2B SaaS space.,"People energize me. I enjoy orchestrating teams toward a shared vision. On weekends, I volunteer as a tech mentor and host a podcast.",INFJ,"Yoga, Strategy Games, Data Visualization, Chess"
U126,Kavita Nair,43,Jaipur,Product Manager,9,"Marketing manager with 9 years driving digital growth through data-driven campaigns, SEO optimization, and content strategy.","I build beautiful things that also work beautifully. Code is my paintbrush. When I am not working, I am exploring indie games or street art.",ENTP,"Fitness, Photography, Chess, Reading"
U127,Sneha Reddy,44,Ahmedabad,Machine Learning Engineer,17,"Cloud architect with 17 years designing fault-tolerant multi-cloud environments. Deep expertise in AWS, GCP, and Kubernetes.","Design is how I make sense of the world. I am endlessly curious, empathetic, and most alive when creating elegant user experiences. I love sketching and photography.",INFP,"Photography, Meditation, Traveling, Hiking, Astronomy"
U128,Anjali Chopra,29,Chennai,HR Manager,4,UX designer with 4 years creating intuitive and accessible digital interfaces. Passionate about user research and design systems.,"I build beautiful things that also work beautifully. Code is my paintbrush. When I am not working, I am exploring indie games or street art.",ISTP,"Music, Astronomy, Street Art, Traveling, Data Visualization"
U129,Rohan Singh,31,Chennai,Backend Engineer,7,"Experienced frontend developer with 7 years crafting responsive, interactive web applications using React and modern CSS.","I build beautiful things that also work beautifully. Code is my paintbrush. When I am not working, I am exploring indie games or street art.",ESTP,"Yoga, Cinema, Open Source"
U130,Pooja Chopra,38,Lucknow,Frontend Developer,3,"Software engineer with 3 years of experience building scalable backend services. Proficient in Python, AWS, and distributed systems architecture.","Pragmatic idealist. I believe technology should serve humanity. I spend my weekends hiking, gardening, and learning classical music.",ISFP,"Reading, Astronomy, Meditation, Startups, Cooking"
U131,Vikas Reddy,28,Gurgaon,Frontend Developer,5,"Data scientist with 5 years solving complex business problems using machine learning and NLP. Skilled in Python, TensorFlow, and SQL.","I thrive on structure, data, and solving complex problems. Outside work, I enjoy chess, reading sci-fi, and contributing to open source.",ESFJ,"Photography, Music, Fitness, Chess"
U132,Nitin Ahuja,35,Pune,Software Engineer,8,"Data scientist with 8 years solving complex business problems using machine learning and NLP. Skilled in Python, TensorFlow, and SQL.","Design is how I make sense of the world. I am endlessly curious, empathetic, and most alive when creating elegant user experiences. I love sketching and photography.",INFP,"Gaming, Fitness, Hiking"
U133,Suresh Nair,41,Indore,Machine Learning Engineer,7,"Experienced frontend developer with 7 years crafting responsive, interactive web applications using React and modern CSS.","I thrive on structure, data, and solving complex problems. Outside work, I enjoy chess, reading sci-fi, and contributing to open source.",ESTP,"Gaming, Reading, Data Visualization"
U134,Megha Sharma,31,Chennai,Software Engineer,4,Product manager with 4 years leading diverse teams to deliver customer-centric solutions in the B2B SaaS space.,"People energize me. I enjoy orchestrating teams toward a shared vision. On weekends, I volunteer as a tech mentor and host a podcast.",INTP,"Open Source, Data Visualization, Strategy Games, Street Art, Astronomy"
U135,Amit Sharma,23,Noida,Software Engineer,2,"HR professional with 2 years championing employee engagement, talent acquisition, and organizational development strategies.","Pragmatic idealist. I believe technology should serve humanity. I spend my weekends hiking, gardening, and learning classical music.",ENFJ,"Startups, Mentoring, Chess, Cinema, Yoga"
U136,Suresh Bose,27,Gurgaon,Software Engineer,3,Product manager with 3 years leading diverse teams to deliver customer-centric solutions in the B2B SaaS space.,"I build beautiful things that also work beautifully. Code is my paintbrush. When I am not working, I am exploring indie games or street art.",ENFP,"Meditation, Astronomy, Strategy Games, Data Visualization"
U137,Arun Iyer,28,Noida,Cybersecurity Analyst,4,"Data scientist with 4 years solving complex business problems using machine learning and NLP. Skilled in Python, TensorFlow, and SQL.","Methodical by nature, curious by choice. I recharge through solo travel, reading about history, and participating in hackathons.",INFP,"Gaming, Meditation, Cinema, Data Visualization"
U138,Pooja Singh,38,Mumbai,Operations Manager,13,"Software engineer with 13 years of experience building scalable backend services. Proficient in Python, AWS, and distributed systems architecture.","Pragmatic idealist. I believe technology should serve humanity. I spend my weekends hiking, gardening, and learning classical music.",INTJ,"Fitness, Yoga, Traveling"
U139,Pooja Singh,34,Kochi,Backend Engineer,2,"Software engineer with 2 years of experience building scalable backend services. Proficient in Python, AWS, and distributed systems architecture.","I build beautiful things that also work beautifully. Code is my paintbrush. When I am not working, I am exploring indie games or street art.",ISFP,"Traveling, Strategy Games, Street Art"
U140,Kiran Sharma,32,Jaipur,Financial Analyst,2,"Data scientist with 2 years solving complex business problems using machine learning and NLP. Skilled in Python, TensorFlow, and SQL.","I thrive on structure, data, and solving complex problems. Outside work, I enjoy chess, reading sci-fi, and contributing to open source.",INFJ,"Data Visualization, Music, Cinema, Yoga"
U141,Riya Chopra,35,Surat,Cloud Architect,9,Product manager with 9 years leading diverse teams to deliver customer-centric solutions in the B2B SaaS space.,"I build beautiful things that also work beautifully. Code is my paintbrush. When I am not working, I am exploring indie games or street art.",ESFJ,"Robotics, Strategy Games, Reading, Yoga, Cinema"
U142,Anjali Patel,45,Kolkata,DevOps Engineer,3,"Data scientist with 3 years solving complex business problems using machine learning and NLP. Skilled in Python, TensorFlow, and SQL.","People energize me. I enjoy orchestrating teams toward a shared vision. On weekends, I volunteer as a tech mentor and host a podcast.",ENFJ,"Meditation, Strategy Games, Yoga, Cinema, Gaming"
U143,Sunil Ahuja,23,Patna,DevOps Engineer,3,Product manager with 3 years leading diverse teams to deliver customer-centric solutions in the B2B SaaS space.,"Design is how I make sense of the world. I am endlessly curious, empathetic, and most alive when creating elegant user experiences. I love sketching and photography.",ENFP,"Cooking, Strategy Games, Yoga, Open Source"
U144,Kiran Bose,35,Kolkata,Product Manager,8,Product manager with 8 years leading diverse teams to deliver customer-centric solutions in the B2B SaaS space.,"People energize me. I enjoy orchestrating teams toward a shared vision. On weekends, I volunteer as a tech mentor and host a podcast.",ESFP,"Data Visualization, Chess, Fitness, Robotics, Startups"
U145,Divya Chawla,39,Delhi,Marketing Manager,19,"Data scientist with 19 years solving complex business problems using machine learning and NLP. Skilled in Python, TensorFlow, and SQL.","I build beautiful things that also work beautifully. Code is my paintbrush. When I am not working, I am exploring indie games or street art.",ESTP,"Photography, Robotics, Chess"
U146,Pooja Patel,40,Noida,Cybersecurity Analyst,17,Product manager with 17 years leading diverse teams to deliver customer-centric solutions in the B2B SaaS space.,"People energize me. I enjoy orchestrating teams toward a shared vision. On weekends, I volunteer as a tech mentor and host a podcast.",ENFJ,"Gaming, Meditation, Hiking"
U147,Karan Nair,26,Surat,Data Scientist,6,UX designer with 6 years creating intuitive and accessible digital interfaces. Passionate about user research and design systems.,"People energize me. I enjoy orchestrating teams toward a shared vision. On weekends, I volunteer as a tech mentor and host a podcast.",ESFJ,"Gaming, Meditation, Reading, Music, Open Source"
U148,Sunil Kumar,39,Lucknow,Marketing Manager,8,UX designer with 8 years creating intuitive and accessible digital interfaces. Passionate about user research and design systems.,"I build beautiful things that also work beautifully. Code is my paintbrush. When I am not working, I am exploring indie games or street art.",ISFJ,"Mentoring, Yoga, Street Art, Hiking, Data Visualization"
U149,Nitin Kapoor,39,Surat,Marketing Manager,3,"HR professional with 3 years championing employee engagement, talent acquisition, and organizational development strategies.",Driven by the belief that great teams build great products. I bring structure and empathy to every project. Passionate about mentoring.,ENFJ,"Photography, Cooking, Traveling, Reading, Strategy Games"
U150,Sanjay Sharma,43,Mumbai,UX Designer,6,"Marketing manager with 6 years driving digital growth through data-driven campaigns, SEO optimization, and content strategy.","Curious, collaborative, and constantly learning. I believe the best solutions come from diverse perspectives. I enjoy yoga and meditation.",ENTP,"Cinema, Reading, Yoga, Cooking, Meditation"
U151,Rashmi S G,22,Banglore,AI developer,0,aaaaaaaaaaaaaaa,I do not like being around people,ISFJ,sleeping
U152,Alex,25,London,CEO,5,Been running the Hathway holdings company inherited by father for around 5 years.,"I enjoy reading novels, playing volleyball and also good with playing piano",ISTJ,"Reading, Volleyball, Music"
